{"cameraMode":{"drawMode":0,"name":"Shaded","section":"Shading Mode"},"sceneLighting":true,"audioPlay":false,"sceneViewState":{"showFog":true,"showMaterialUpdate":true,"showSkybox":true,"showFlares":true,"showImageEffects":true,"showParticleSystems":true},"in2DMode":false,"pivot":{"x":3.6004436016082765,"y":9.278603553771973,"z":-8.09233283996582},"rotation":{"x":0.1796616017818451,"y":-0.349829763174057,"z":0.0685492530465126,"w":0.9168652296066284},"size":88.815185546875,"orthographic":true}